id,subreddit,keyword,text
12uexe8,delta8,pain,It's so hard to open these jars. It takes 2 screwdrivers to pry it apart. I have an arm injury and this is just painful to get into. What if someone has arthritis? I don't think I'll order from them again just cause of the lids.
12zz4d2,entwives,"afraid,stress,worry","My friend's college aged daughter has decided she no longer wants George, her 4 year old neutered cat. A cat who'd been with her since kittenhood! He's currently living at my friend's going on 2 months now, but their household already holds 3 adults, 5 children and a large, friendly and playful dog that unfortunately just doesn't get that George is *terrified* of him. So George lives a stressed and secluded life, has lost a lot of weight, and my friend has yet to find him a new home.

I myself have just moved into a small basement about a month ago, living solo for the first time since 2014 after years of room mates and relationships. I have had some mental health issues the last few years and at times struggled to do laundry or dishes etc. I've progressed but things are still bad sometimes. When I got my next cat, I already knew I wanted to get a rescue or adult cat. And here is George. But I'm afraid of the big responsibility, I haven't had my own cat since 2013. Should I adopt George? He's a gentle sweetheart but I worry I won't be a good home for him or something haha...  is it a sign? Are George and I destined to be? (Sorry if this doesn't go here, but figured this group would be honest with me in the nicest way!)"
1cdk2f9,leaves,dream,"After I turned 18, my first bf introduced me to weed. At first it was only here and there but soon it became everyday. Flash forward to when I‚Äôm 22, my dad passed unexpectedly and two months after he passed I went cold turkey. I made it almost a year and that whole time everyone was telling how proud they were of me and how happy they were for me. But I was miserable. I just dreamed of getting high everyday and it made me even madder people thought it was doing my best when I wasn‚Äôt. So I decided f it I‚Äôll just smoke this joint tonight with my friend cause they wanna smoke with me. We‚Äôre not friends anymore, and I‚Äôve been a mining every day multiple times a day. I want to actually quit and feel like it improved my life like a lot of people in this sub, but I‚Äôm not sure why I feel even more depressed and sad when I‚Äôm not smoking. 

Advice, thoughts? 

Thank you for answering"
1e5mbhs,Marijuana,anxiety,"I usually smoke once a day for chronic anxiety. It really has helped compared to my medication. My anxiety has improved and I was thinking of switching to a tincture for a few days a week. 

What works for you guys?"
1g8saso,leaves,"can't move,insomnia,sleep","I have been struggling to quit for a few years. In the last 4 1/2 years I have gotten to 9 days twice and to 1-8 days about 5 times. I am getting sooo tired of going through those first few days of awful depression and insomnia over and over. 3 days, 5 days, 6 days, 9 days etc etc just to fall back into doing it everyday for weeks or months before I manage to get one day in without it.

It took a lot of begging and pleading but I got the person to finally start keeping everything in their bedroom, not smoking outside of their bedroom, and I even got them to stop asking me to hang out and watch tv while they are stoned. But I STILL CAN'T STOP!

The reason why I can't stop is because it is just so accessible. The best advice we give eachother here on this sub is erase your dealer's number, throw away any remnants, and don't be around people who smoke. Well I can't do that because it's in my home. After going 9 days and getting so far and I should be so proud of myself, all it takes is one bad night of insomnia from meds I take for a chronic illness or one bad doctor appointment where I get bad news when I was hoping for good news, or an awful incident at work, or even just getting annoyed by the smoker who lives here because they quite literally promise they are quitting everyday for me to just give in and do it. I KNOW IT WOULDN'T HAPPEN IF IT WASN'T IN MY HOUSE!

I am at my wits end. Tears, depression, feeling like a failure. I don't want this crap in my house and I don't want to even be around anyone who regularly uses it! I am fed up with myself and have lost respect for myself. I can't sustain abstinence long term if it's always in my house and the person who lives with me literally makes it a part of everything. I might have to move but it's just not the best idea right now due to multiple factors. And honestly, the only way to get myself to a point where I can move, is to quit smoking completely so it is no longer negatively impacting my life.

I am so sick and tired of this. I even wish I could just go stay at a motel for a month or something to just at the very least get myself to 30 days so it is less tempting and I have a stronger foundation. But I work from home with a huge computer and a huge monitor that I can't just lug to and set up at a motel, and coming home to work from home while staying in a hotel to avoid weed makes no sense when the smoker I share an apartment with also works from home 3-4 days a week. (He doesn't smoke while working but his ritual process starts once work is over. And he smokes all weekend. And I am more than welcome to grab some, it is very very available, and if I went to a motel and came home to work, there would certainly be weed all around my apartment)

So I really can't move right now. To get myself together to a point where I can move, I need to stop smoking. But just knowing it is in my apartment and readily available, stops me from quitting. I am struggling so bad and I really really need it to not be in my house. Quitting is so difficult because it's really strong stuff and I am physically dependent on it and literally cannot sleep when I try to quit and even my therapist thinks weed withdrawals are mostly mental (Yup! I am laying in bed for 8 hours unable to sleep and it's ""mental"") 

The worst part is when we moved in together, they lied through their teeth and told me that they ""rarely smoke weed""  but they actually do it every single day and their life basically revolves around it. And they just kept promising to quit over and over. I wish they would just say ""Hey, I smoke everyday and I always will."" They still promise they are quitting and they have done it every single day for at least 6 years!!! They don't take my desires to quit seriously, and they seem more than happy to have someone else to sit around with them and do nothing except watch tv and eat junkfood.

Does anyone have any advice for how to overcome this? How to quit when it's in your house? I know the best option is to move, but I'm just not in that position right now and I need to stop smoking before I can get in that position. How can I seperate myself from it when it is in my house?"
1goa81z,vaporents,sleep,"Hello Reddit,

I switched to dry herb vaping in July with an Arizer Air Max after hearing great things. But after months of use, I‚Äôm still not impressed and wonder if I bought the wrong vaporizer or if I‚Äôm doing something wrong.

Here are my main issues:

‚Ä¢	‚Å†Flavour: Everything tastes the same‚Äîlike vaping grass‚Äîeven with high-quality weed (both THC and CBD). I‚Äôve tried top-shelf and homegrown flower from my cousin, who‚Äôs a seasoned grower, and still no improvement.

‚Ä¢	‚Å†Effects: CBD makes me a bit sleepy, but nowhere near as effective as ingesting ABV. THC lacks the ‚Äòbrain disconnect‚Äô I get from smoking.

I‚Äôve read others had similar issues and switched to the Mighty with better results. Since most vaporizers use similar heating methods, is it really just the device?

Any advice would be appreciated!

Thanks!"
1gy6abe,420,"sleep,worry","I know a truck driver that keeps a one hitter in his travels, very safe and reasonable person. But anyways, he claims he has just had literally one or 2 tokes every day or every other day and has never failed a test. He's a skinny guy that doesn't eat much, he has a high metabolism oi suppose? But it got me thinking if that *is* possible, then I could have a much better quality of life myself, I still live in a restricted state, but I'd sure love to be able to unwind with a toke or 2 and not worry about losing my job. I'm built like that fella and definitely have a high metabolism, I've never been able to gain weight. I quit the alcohol because it was ruining everything, so I haven't had a drink in a couple years now. Thank god for that. It just pisses me off that you can drink like a fish all night and still keep your job, but naturally medicating your sore muscles and sleep patterns, you are gonna be unemployed. Please advise me, I appreciate any feedback. "
1h59w0t,CBD,sleep,"Hello,

I've been taking a CBD tincture isolate to help me fall asleep. I started with 25mg, but that wasn't quite strong enough so I've since bumped it up to 50mg. It has drastically improved my quality of sleep.

That being said, I've started noticing that I wake up with shaky hands to the point that it's a bit difficult to write and do other things that require fine motor movements. Is this a side effect of the CBD? I've tried looking it up, but unfortunately all I can find are articles stating that it's a side effect of high doses of THC which I avoid (it unfortunately doesn't agree with me anymore.) I also don't recall this being a side effect of THC for me when I still used it, but it has been a few years so I could be wrong.

Thank you in advance for your help!"
1il4rdd,saplings,"nap,panic,worry","so i tried out a pen for the first time with a friend and had the worst experience ever. i was told to do about 2 hits but i did 3 since i thought i had fucked up the first one. immediately after i got high and had a panic attack and started sobbing and apologizing profusely to my friend who didn‚Äôt get high and had to worry and take care of me.. 

my other friends who had done it already said it was a chill and fun time, but i genuinely felt like i was trippin tf out. is that normal or did i do too much?? i called my friend and asked when it would wear off and he said like an hour but i was high even after a 3 hour nap so?? "
1jgcvio,Petioles,pain,"Hey guys, 25m here quitting after 6 years straight due to health conditions. I believe I have CHS, and I need to find out if I actually do or if it‚Äôs something else, but this is the easiest thing to rule out before spending a lot on testing. I‚Äôm just sick of constantly having my stomach in pain. I know it‚Äôll be hard, but I can go the 90 days. After that? We‚Äôll see how I‚Äôm feeling, but if I do go back, I‚Äôll have a different relationship with weed and not go back to my old self, even if i don‚Äôt have CHS. Idk what to expect, but I‚Äôm telling myself it‚Äôll be easier than Nicotine and the antidepressants I quit. I gave everything to my brother and told him to hold onto it for at least 90 days. I plan to just stay busy by working out more (like I‚Äôve wanted to), journaling and once it‚Äôs nice out I‚Äôll be living at the skatepark again. Idk, I just want to feel normal again and not be in pain. "
1ji7e5s,CBD,"bedtime,nightmares","My partner has pretty bad chronic nightmares. We've tried a few things and CBD is the next experiment on the list after prescription meds and changes in bedtime routines. 

She is very strong on not wanting anything with THC in it, nothing with inebriative properties. I found a few options from the reputable seller list on this sub, But theyre all running $50-60 for a 30 day supply and thats a lot to spend on something that might not actually work. 

TLDR: Looking for a reputable but more affordable sample of CBD (no-THC) supplements for my partner to try and treat her chronic nightmares 

thanks! "
1k5pnja,Marijuana,"anxiety,anxious,pain","Hi I am 20 Male and recently I have been having chest and arm pain. I smoke everyday, I smoke mainly carts and dispensary level carts no fake stuff. 

I have recently as of like a week ago got this chest pain and arm pain and first I thought i was having a heart attack. I went hours and than went to the hospital. We found out everything all the tests were fine ekg, x rays the whole 9 were looking good. I have seen other doctors and they say it is panick attacks but I feel it constantly. I tried periods of not smoking weed and i felt the symptoms still im not sure if this is something that takes time or takes a long break from weed Im willing to anything to get my head out of this funk and body feeling normal. I am also a little overweight but I dont undertand whats happening. Im generally an anxious person but this isnt normal anxiety. 

If any of you have felt this feeling and made it out ok thats what I wanna hear and what success stories you had let me know.

Update: after doing more research i found it may be linked to the doxycycline i have been taking. Currently going to get off that and see what happens if anyone has had any bad experiences with doxycycline lmk what you did to heal and feel better"
1kgp55k,delta8,"anxiety,sleep","I want to buy a lightweight pen, to chill listen to music, do some work, but not put me to sleep nor give me anxiety. What do u recommend? "
1kn4n21,Petioles,"anxiety,sleep,slept","I'm a 29 F, and I've been smoking on and off for the last 10 years. Ive taken tons of breaks, lasting anywhere from a day, and even extending past a year. 

Recently, I decided to officially quit bc I noticed it was causing me tons of issues: poor memory, truoble recalling words, terribly dry skin, raised anxiety, disturbed sleep, ect

Its been 4 months, 3 weeks and 2 days, and I still don't quite feel like myself. My vocabulary has started coming back, but my personality has seemed to dull in social situations. Where I once had responses to things, my mind is terribly blank  and my responses very basic. Its extremely hard for me to connect with others 

Its a little hard for me ro fully remember myself before the weed, but I know for sure I was lighter, more positive, and extremely good at connecting with others, atleast on a 1 to 1 basis. 

I also want to add in that I havnt fully fixed my sleep cycle and have been battling to do so since I quit weed. Using it so heavily (multiple times a day) has caused me to feel extremely tired in general and I did go through a 5 year period where I slept maybe 3 hours a night, and that was if I was lucky. 

My sleep has generally improved since then, but ive had to use trazadone to help me. Even with the medication, I don't get nearly the quality I did during my childhood all the way to my mid 20s. 

I just want to hear from others to see If they've had similar experiences and If so, if there is hope that things will improve if I continue to stay sober. I no longer continue on using it and want to make it years before I even think about picking it up again. "
1koaq6u,cannabiscultivation,worry,"This is my first grow ever.

I pruned the bottom leaves and baby sprouts yesterday but i havent done any major pruning as im not sure where to and dont want to cut off to much. I haven't done any topping because I am worried about space in my tent. (3x3x6) I am doing some tucking though. 

These girls are just over 4 weeks old. 

My main questions are when should I swap to flower?, I was thinkin another week or so. And without topping will I be okay with space? "
1krmkv0,microgrowery,worry,"I have no more space to raise my light. Definitely worried with the stretch. Lights only at 30%, a little leaf curling and light damage on 1 or two leaves nearest the light. Supercropping the biggest tops only made them angry. She's grown passed the light. What do I do? Any advice helps ‚úåüèΩ

P.S. These are all autoflowers"
1krscjz,leaves,"sleep,worry","m17 here been smoking daily for like a year, not smoked in ab two days, first day i didnt fall asleep till 5am, and last night i didnt sleep whatsoever, sleeps always been a problem since i was young so its nothing new, went thru psychosis last year and my mum is worried that the sleep deprivation is gonna mess w my head, any tips to combat it?"
1kt7gy4,leaves,dream,"I'm on day 15 and feeling awesome. I have quit in the past and remembered that the dreams were intense, and they are very intense again. For those of you who have been cannabis free for long enough that your dreams have begun to regulate, how long did it take?"
1ky440o,leaves,anxiety,"
I stopped smoking 10 days ago. I‚Äôd been a daily smoker for 5 years, and for the last 2 years, it was 1‚Äì2 joints every night. I really want to quit, and I know I can ‚Äî but at the same time, smoking gave me chills, helped with my overthinking, and calmed my anxiety.

I like watching movies and listening to music after a long day, and having a joint during those moments used to feel good. I go to the gym 3‚Äì4 times a week, I run 1‚Äì2 times too, I have a solid job contract, I read before bed‚Ä¶ I try to stay on track.

But honestly, I don‚Äôt feel like the pressure inside is going down, even with all that. I‚Äôm bored of my routine. I have to wait until September to go on vacation, to finally get some change.

And because of that, I feel like smoking again. I don‚Äôt want to fall back, but the temptation is real. I need help to stay focused and remind myself why I stopped in the first place."
1kz5j6y,CultoftheFranklin,"anxiety,nightmares,sleep","Helping someone out that has an issue with ptsd and specifically nightmares that are ruining sleep, but also hasn't had a good time anxiety-wise the times they've tried smoking in the past.   
I thought low-dose vaping  a good indica (flower or concentrate) and maybe combining it with some cbd bud or isolate for the anxiety would be good idea. Anyone able to recommend any vendors for either or other ideas? Thanks!

"
1l2by8x,entwives,sleep,"Heyo my first upload but I would have found this useful a few years ago so hopefully this helps some of you all trying to get into dry herb vaping! 

For those who want it written. 
I start my temps at 320¬∞-330¬∞F. Pack the bowl and light her up, wait 30s-1min once it gets up to the starting temp. Then take slow deep breaths. Long and slow are key here for pulling the Solo 2 well since it‚Äôs a ‚Äòsipper not a ripper‚Äô. 
Every min or two I increase my temperature by 10¬∞ taking slow deep breaths for a total sesh time of 7-10mins. 
My max temp is 360¬∞F and that stuff is cashed after, I just throw it out instead of saving it because the avb at that temp doesn‚Äôt make good edibles. I usually actually end my season on 350¬∞F 
Remember to run a cleaning cycle and clean it out every once in a while! Q tip with rubbing alcohol to clean out the inner chamber then turn the solo up to max temp and leave it to run a full session! (10ish mins depending on ur settings)

The vapor produced will at first be lighter but just remember slow and long. Like the long part is just as important as the slow part, you have to draw it out!! At higher temps the vapor will be ‚Äòthicker‚Äô but eventually you will notice it tastes bad. You want at the end of the sesh for your bud to be an even brown and not burnt (there is a difference but it will take a time or two to learn) especially if you want to use this AVB to make edibles! 


I used to be a blunts only girl and it is a lot different smoking the Solo 2. I had a few months where I truly hated the Solo 2 before I worked out my personal user error and then another few months for my body to finally enjoy the high. Now I hate smoking blunts/ joints bc it just makes me feel gross (partner still loves it tho so everyone is different lol). I do recommend taking a week or so break from combustion because again, the vape is totally different. Also yall you can use other herbs like lavender which I lovvvvee using with weed to help the days I really can‚Äôt sleep. Anyways I hope everyone reading this has an amazing high! "
1m62qm,entwives,"headache,insomnia,pain,sleep","I made it til 1:45 and woke up to ridiculous pain, nausea, headache, joint pain and overall suckiness. I got out my anti nausea meds, percocet, and an ice bag for my head.  added that to a giant glass of water and my couch and here i am. After bombarding Facebook with all sorts of random crap, I tried reading. Then I was online window shopping. My nemesis candy crush saga is next.  I REALLY just want to sleep but fucking steroid insomnia is not helping. "
6ysgfw,leaves,"afraid,fear,headache,hurt,pain","Almost a month ago I smoked a bowl of marijuana with a friend. Since then, I've had miserable symptoms. I have constant severe brain fog, a persistent headache (the more I try and think the more it hurts), trouble forming words, bad memory, trouble invisioning/imagining things, pain behind my eyes, fever, fatigue, and diarrhea. The most concerning thing for me tho is the inability to think and constant empty mindedness. I don't feel like myself and also feel like it's changed my personality. I had a brain scan done the week all of this occurred but everything was normal. I read that marijuana can cause long term damage in teen years, Im 16, plz help me. I pride myself on my intelligence and am afraid I've ruined my brain. Is this normal? Does anyone else feel this way? If I did cause damage is it reversable? I rly need answers, I fear for the worst."
7wx4gw,vaporents,pain,"Hi Everyone,

Have gotten a lot of good advice on this forum, but finding the right vape for myself has been quite a pain.

I bought an iolite, but it's not been great.

I have done a lot of research, and have almost 100% decided on a arizer solo or air.

Having done all this research, and seen the sheer amount of people posting about what vape they should get, I thought putting all the current knowledge into a quiz might be a worthwhile idea.

I've seen the resources on this forum which are very good, but it's all a bit technical - this quiz would just ask questions about your lifestyle, how you want to use the vape, what your experience level is etc and then give you a 3 recommendations at the end.

TL:DR: if this post gets 50 upvotes, I will put the work into making a beta version of a 'What vape is right for you' quiz/self assessment for feedback from peeps here. If not, there's no interest, and I won't bother.
"
8ajnd3,cbdinfo,"dream,pain,worry","As I was getting ready to cook lunch for the day a thought popped into my head that I could use some CBD Isolate from Cali Born Dreams in my dish to get a different option than just taking CBD in a tincture format.


I took a few minutes to figure out the best method because I didn‚Äôt want to use my tinctures. I couldn‚Äôt find my CBD coconut oil from raised spirits and then I remember I had some CBD Isolate from Cali Born dreams.


The CBD Isolate I added it to my mashed potatoes that I was making with steak. I bought this 5.2 L air fryer from Amazon and I have cooked chicken and fish in it this past week. The flavors are so much better than cooking on a regular stove. It is also much healthier than cooking food in a lot of oil.


I seasoned my steak strips using Oregano and thyme that are grown in the backyard along with peppercorn, Himalayan pink salt, and my favorite Caribbean complete seasoning. It takes only 20 minutes to cook.


After boiling the potatoes, mashing them up and adding seasoning I sprinkled half of the CBD powder \(500mg\) all over the potatoes. I then mixed it up really well. As I am doing this on the fly I cannot give exact amounts per serving. I estimated I was received around 40\-50 mg per serving.


The effects took a little over 2 hours and I felt the pain in my neck and shoulder slowly went away. Being able to feel relief from the pains gave me joy that the CBD Isolate was working. I was worried at first that it was not going to work. The CBD lasted in my system for more than 8 hours.


Overall I like the flexibility of using the CBD Isolate powder, however, I wish the price was cheaper. The cost of $60 per gram is much higher than others.


[Read more](https://www.cbdreviews.net/cooking-with-cali-born-dreams-cbd-isolate/). "
9vi3ax,CBD,"anxiety,nervous,overwhelmed,paranoia","I can only describe what I felt as the feeling of a hundred voices in your head (not literally) that wasnt necessarily stemmed from anxiety. It was just very easy to get distracted and I couldnt work on something for more than ten minutes. Never on time for anything, impulsive, nervous etc etc

Sounds like ADHD right? So I basically self diagnosed myself, found a psych, and went on Vyvanse. But heres the issue

The hundred voices were still there. But now I could (kinda) block em out. So all Vyvanse allowed me to do was focus on what was in front of me for a little longer than usual before being overwhelmed 

It really felt like I had no identity. Like my whole persona was just comprised of these fractal thoughts. 

I started smoking weed a few years ago. It made me think much better when I set the PAX to low temperature and took only a few hits. But it was a fine line between confidence and extra paranoia

Kratom helped. It made me confident. Good fix, but had its drawbacks of course. 

And I started vaping CBD. It actually took a few days to take effect contrary to what I read about vaping. 

But now I have one, singular, clear, and commanding, voice. Never felt this confident before. "
a40mi7,cbdinfo,sleep,"<!-- SC_OFF --><div class=""md""><p>I tried CBD oil at various dosages and my sleeping got worse.   My goal was to get it better.   CBD  was like a stimulant for me, but didn&#39;t make me feel weird.    I guess I am one of the odd ones.   It didn&#39;t work.  fwiw - brand PureKana </p>
</div><!-- SC_ON -->"
doyyk0,Petioles,"anxiety,scared","Hello y'all, I'm new here looking for advice on a T break so I can get dumb high again and literally feel the anxiety leave my body. 

I've noticed that on here a lot of people feel guilty about using marijuana daily. I just want to post this to make you feel less guilty. Every teacher you ever had that you liked was probably really high, most of the time.  I am a senior in college studying education and I was scared that teachers can't smoke pot. But, from what I've learned from other teachers is that weed is the only way to deal with a shit job that no one thanks you for. And at the end of the day I am convinced that I will be a better teacher knowing that after class I can go home and smoke weed. Teachers don't get drug tested. NYC and Nevada have made it illegal to screen for marijuana for a job. We are making huge progress on marijuana reform. 

If anyone tells you that you are bad for using cannabis, they are a victim of decades of anti-marijuana propaganda that has been shoved down their throats since childhood. Reefer madness man. 

At the end of the day weed is great, if it helps you feel better about yourself than you should not feel guilty at all about your use. That's like feeling guilty when you take a Claritin or Tylenol. 

Stay medicated my friends."
eyyojt,CBDoil,"anxiety,pain",[https://www.latimes.com/lifestyle/story/2019-10-04/pets-cbd-pain-anxiety](https://www.latimes.com/lifestyle/story/2019-10-04/pets-cbd-pain-anxiety)
luwllj,CBDOilReviews,anxiety,"I'm looking for a broad spectrum CBD oil. I've tried a CBD isolate tincture from CBDistillery, as well as a broad spectrum one from cbdMD. 

The isolate oil did next to nothing for me, but the broad spectrum helped my anxiety quite a bit, which is what I use CBD for. 

I'm also open to something other than an oil/tincture, I've just heard that those are what is absorbed most quickly. I use CBD every day, and I would love something that is high concentration and comes in a bigger bottle, lol, because I've been having to order a 60ml bottle once a month. Still experimenting with dosages and different concentrations.

I suppose I'm seeking a CBD product that's as broad spectrum as possible (I seem to respond better to a combination of several cannabinoids, as I've heard most do) and has a high concentration of other cannabinoids. Lots of broad spectrum oils seem to have very little of those compared to the amount of pure CBD that they contain. However, I don't want to get high, as I use CBD during the day when I do things like driving/working. 

Bonus points if it's unflavored/plain.

**TL;DR: Looking for a broad spectrum CBD oil, with a high concentration of both CBD and other cannabinoids.**"
q7ysam,CBDOilReviews,anxiety,"Hi, I have a mild anxiety disorder - health anxiety + leaving home type, the recommended dose for me as some internet polls ( my therapist do not know that much regarding CBD, but she recommended me to use it, for the placebo and effect mixture) - is between 5-10 mg / day \[ most of them say 5\]. 

I found 2 companies :

But **eirhealth** have 300 and 600 mg, and **cbdreakiro** have the 500 mg type in 10ml bottles. 

Its my first time using CBD oil, should I go for any of these 2? or I can find something more suitable for me? 

Thank you."
qo4vud,CBDflower,"pain,sleep,worry","I am looking for advice.  I live in Madison County GA and in GA the sale, possession and distribution of CBD, Hemp bud and Delta 8 are legal.  But just this morning local city and county police raided each and every gas station and took all their CBD and hemp products.  To me this is a massive over reach by authorities who's narcotics team are a joke and love to make FB post every time they make a bust for a dime bag.  How do us in the community fight back against the overly heavy hand of the local sheriffs department in Madison county GA and local police like the Danielsville police department.  They gave no notice and raided all of the stores and treated business owners like criminals for selling something that is legal.  The narcotics officers have been bragging about them getting ready to make a move against business that sell CBD products.  

The majority of products sold at our stores are from well know manufactures with barcode tracking.  People my mom in particular loves using CBD gummies because they help with her arthritis pain and by taking them she can stay away from opioid medications that Drs like to push.  I guess it is ok for the pharma companies to push addictive drugs but not companies offering an all natural approach.  I know many of these business owners and they would never intestinally break the law.  I don't use CBD or THC products but many do and they are a far cry from the heavier life altering drugs out there.  Our back woods sheriffs department comprised of good ole boys and officers who like to sleep around on their wifes demonize anyone who use the products.  They put more effort into busting people for a little marijuana than they do in stopping the flow of Meth, heroin and fentanyl which has taken the lives of many in our county and first responders arriving at an overdose like to joke and treat it like ""there is one more dope head off the earth"".  This coming from first hand experience when my brother in law overdosed and despite my efforts and having Narcan on hand we were unable to save him.  Our county has it's priorities messed up when it comes to drug enforcement.  

I just want to put the Danielsville Police Department and The Madison county GA Sheriffs office on blast for what seems to be illegal search and seizures of products that are made legal through  HB. 213 the GA hemp farming act.  And any products containing less than 0.3%thc are legal for sale in GA including Delta-8 and others!  I am aware of some products testing higher and are of concern but our county is using a broad brush and from the outside looking in it looks to be illegal what they are doing.  I am just curious as to the thoughts of others.  I plan to post this in several groups to get the discussion rolling.  This is my first reddit post but it really touched a nerve with me.  And if you knew some of the officers on our counties narcotic team you would worry too."
zolbc8,Marijuana,anxiety,Took a 900 degree dab after cleaning the enail on accident. Thought it was on my normal temp. Will I be ok? I‚Äôm sorry for asking just suffer from bad anxiety.
c3nvtxb,trees,pain,"Here's a sauce for you [here](http://www.sciencedirect.com/science/article/pii/S0022395610001585#sec2.1), though I *highly* doubt you will read it, because bigots are usually stuck in their ways.


Seeing as scientists have gone to school for several years to study the brain, I sure as HELL respect scientists. They dedicate years of their lives on research. What have you used to form your opinion? Ignorance. I'd like for you to one day meet a transsexual and see the mental pain and social scrutiny they deal with everyday. 

People that are intolerant like you truly make me sick. At this point, you just don't want to be wrong about your opinion so you will fight your ways to the death. 

Perhaps if you put down your pride and had some human empathy you could see that transsexuals are real. They suffer everyday because people like you. This is r/Trees. Everyone here is supposed to be chill as fuck. You are embarrassing to humans."
c6chmhs,eldertrees,"anxiety,paranoia","I only suffer from paranoia when I'm high. Thought, to be fair, I have had bouts of anxiety in the past. Usually paranoia sets in if I'm in a new environment. If I am drinking and smoking I don't suffer paranoia at all."
c7pnpat,leaves,worry,"I'm not going to lie - this is exactly the way I see weed as well.  I'm fine with the amount I'm smoking, but my big worry is that I won't have the willpower to not smoke while looking for a job after I finish university.  I'm pretty sure I'll be fine, but there's always that nagging feeling. "
c7s79ae,eldertrees,"sleep,slept","I feel like 72 hours/3 sober days & nights is a quick but very effective breather that many of us could strive for.

I went on a 4-5 day TB, and I would say after my third night that day 4, similar to the OP, I felt like a new man. My appetite resumed and I slept regularly without having to use OTC sleeping medications.

I hate to phrase this way, but being sober felt like ""being high"" almost. Being sober a day after you toked and being sober after a TB are two different animals I'd say.

Earlier in the year, I went on a 3-4 month TB for a job (which didn't even end up testing me!), but it was important for me to prove to myself that I could theoretically live without it and that I was above addiction to it, that it was my hobby but not the defining point of my lifestyle.

I think it's good for all ents to take an occasional TB, it really helps to put things in perspective and I think you end up having a better relationship with the herb in the long run too.

But, well, that's just like my opinion, man."
c9uooiw,eldertrees,anxiety,"Ive noticed I sometimes get ""whiskey mouth"" and by that I mean my speech gets slurred and lazy. I almost have to make a conscious effort to form my words. Made me feel very embarrassed when people would notice. Not good for anxiety."
ce4oy0m,entwives,worry,"WTF comment graveyard.  Ha.  I'm always so damned curious!

Anyway, congratulations!!!  That's very exciting.  And you'll be able to enjoy the height of your pregnancy during the warmer months!  There's some back and forth on which is better, but a friend of mine was thrilled that when her feet swelled, she could just wear flip flops and not worry about it.

Again, congratulations!!!"
ceviq0l,eldertrees,dream,"what i would have given to have someone there stand up and somehow clearly state this exact phrase to obama....

one can dream."
chi25cy,eldertrees,stress,"I wouldn't say we're bashing alcohol here, more getting the facts straight, by given the level of bullshit and stress prohibition has caused everyone here, there will certainly be an inescapable amount of indignation for this specific article. 

That general sense of proving a loud asshole wrong with irrefutable facts after they run their mouth against you is simply too satisfying to not cash in on at least a little ;)"
csmqntb,eldertrees,worry,"I can understand in childcare or education, it makes sense. But I'm honestly more worried about, for example, a heroin addict teaching children than someone who habitually smokes marijuana cigarettes. So I do see why it's there, but the stigma against pot smokers still stands. I've felt it was more about not allowing people to smoke weed than actually keeping people safe from drug addicts..."
ct9uhk4,eldertrees,suffering,"trollin is a release and spread of negativity because it has become to much for the host. to end trollin is to underatand it, and to understand it is to know its unstoppable but can be easily minimized by knowing the person on the other end is suffering and has no other outlet "
cwkn7ge,eldertrees,pain,"I've been a cannabis consumer for most of my adult life. I dont medicate all day, usually just at night. I consider it a mood enhancer for entertainment and outdoor experiences. But I also believe it has therapeutic benefits, such as alleviating muscle pain after hikes and workouts. I also think that its therapeutic as a possible remedy for things like glaucoma, alzheimers and maybe some cancers, though that remains to be proven. I never liked the social stigma of smoking, so I switched to vaporizers about 3 years ago and its made a tremendous difference."
d374wcj,trees,suffering,"""People suffering from severe drug addiction don't deserve assistance,"" he says on a forum dedicated to smoking weed."
dae9lcv,eldertrees,"anxiety,sleep",Aside from the dad stuff you sound like me. And I agree - I hold down a good job with a good pay so sue me if I want to smoke to help settle my anxiety and sleep :)
deszimi,trees,"anxious,paranoia","That sounds cool, dude. I'm fairly socially anxious sober, so that coupled with the paranoia that the high brings me I become a wreck among people, unless I'm in comfortable company. Drinking diminishes it heavily though, but I don't like being drunk.."
dk3mo53,CBD,pain,"It can kill tumor cells of SOME types of cancer in a petri dish, but so can soap.  There haven't been many scientific studies on its effects in the human body against cancer.  What there have been are a lot of wild claims and anecdotal reports of it curing ""incurable"" cancers and the like.

I see nothing wrong with using cannabis in conjunction with proven therapies to treat cancer, but I've heard of people foregoing chemo/radiation in favor of cannabis, which is a giant mistake in the majority of cases.  Cancer isn't one disease but many, with each type behaving differently.  If ""mainstream"" medicine can effectively treat your cancer and you choose against it, you've just signed your own death certificate.  (Steve Jobs, anyone?)  Bob Marley decided against surgery to remove his cancerous toe & chose to ""let Jah heal me wit' da meditations of me chalice pipe"" and we see how that turned out :(

Cannabis can help greatly with the SYMPTOMS of cancer, such as nausea, pain & appetite suppression.  But until they develop a targeted & evidence-based cancer therapy using cannabis, I wouldn't put much stock in it.  There's potential but there will be no miracle cures for the hundreds of types of cancer that exist.  (Not claiming that's what you're saying, OP.  Just speaking generally).  "
drgf6vu,trees,hurt,"Yeah, I used to feel that way. But over the past few years I‚Äôve moved away from that idea entirely. I don‚Äôt think I have to say a prayer for a god to know when I need help. What‚Äôs out of my control is not going to be influenced by me praying. It‚Äôs never had an effect so it doesn‚Äôt make sense to expect something out of it when the stakes are higher. I don‚Äôt blame people who want to be on the safe side, but you can‚Äôt tell what the safe side is. Maybe we‚Äôre praying wrong, maybe that only hurts our chances. Who knows. "
e75a2j7,trees,"anxiety,panic","Yeah man, like the other day when i managed to fend off that panic attack, i thought ""fuck yeah, i've beat depression and now i can beat anxiety too"" i felt quite proud and mentally strong."
e8j2yk6,CBD,"anxiety,pain",Yep most of the videos are chronic pain athletes and fat white women who complain about anxiety lol üòÇ 
e9f35t8,trees,hurt,"I fuckin hate edibles, they don‚Äôt work for me (I‚Äôve tried probably about 8 times). However AVB seemed to have a pretty good effect, granted I smoked with it too.

I honestly thought it was just a brownie when I looked.

My brain:
‚ÄúYeah I love weed, mhm brownies take a long time to cook so we have to wait I guess, and dabs hurt when they‚Äôre too hot, this meme is pretty good‚Äù "
ec16nu5,Marijuana,hurt,"Really depends on the strain they are getting. When seperated most don't cause you to get high and have proven medicinal value but clearly if your hitting a bong with pure pot, you should not get a firearm. At that point I wouldn't trust you with a fork. If it helps,they will be in their moms basement, 50 years old and couldn't afford one. If they could the only person they would hurt would've themselves and isn't that Darwins theory of evolution anyway?"
eckeido,trees,panic,Or can‚Äôt smoke anymore because it‚Äôs gives me panic attacks 
ehrv7ky,Petioles,"pain,throbbing","Okay first of all I love the way you put things, it's accurate as fuck. It's the first thing, I'm still smoking right now (but I've been cutting down, distracting myself, hands slowly getting better) but i just ran out of shatter. So it's reclaim until i slow down even more. 

But you're right, sadly it's not a break, it's a finger tendon surgery so my ring finger needs to be exercised (gently with my other hand, to stretch it) every hour, and any kind of touch to my finger feels fucking weird. Like half numb, throbbing pain inside sometimes. But you're right, and I have been doing more (inside) exercise for my legs. I'm starting to struggle to fall asleep at night, but it's not the end of the world. Thanks for the wishes man. still can't believe how accurate your comment is. "
etdm5o6,MMJ,pain,My neurologist is a pain management doctor.
f04auhp,Marijuana,overwhelmed,"Trump is in an ideal position.  
1 the democrats cannot seem to find any realistic candidates.  Shocking to me as they have had 4 years to sort that out...

2 The economy is doing great, with the only hold back being the China trade war.  Trump can end that all on his own at any time.  Which I suspect he will when the time is right.  Which will also provide a bump to the markets and economy.

3 I bet he will be the guy to sign the law that weed is off the schedule 1 list.  I suspect it will happen next fall, weeks before the election.

I think the combo of those three things, timed right, plus his overwhelming financial advantage (and lack of
Primary fight) will mean 4 more years of Trump."
f05nplm,weed,fear,"Prices are expected to rise, yes, you are correct. But as everyone is recieving the income, if you raise your prices too high you will lost A LOT of business. Because it's universal, you know everyone you see is receiving it. so if you went to a store and they were charging extortionate prices - you wouldn't buy anything from there. This applies to landlords as well, they won't increase their prices due to the fear of other people not doing it. 

And the higher minimum wage is morally really good, but once put into practice it would not be beneficial. Firstly, small business would get absolutely destroyed. Most small businesses now are running on tight margins. If these business owners had to start paying people 15 dollars an hour all of a sudden it would be a financial burden to the owner. They would cut hours, get rid of employees in order to ensure that there's enough money to put food on their table first. Also, with a higher minimum wage what would happen to those that have their jobs automated? Higher minimum wage pushes for automation to happen faster, UBI does not. Higher minimum wage doesn't help people who have had their jobs automated or the people that cannot work. Also, what about people that are recieving above 15$ an hour but are still struggling to pay bills etc. there's nothing in place for these people. Why not ease the burden on everyone with UBI because eventually it will be needed no matter what. It's better to prepare instead of react."
f5v2tnb,weed,sleep,"So, my mom is pretty cool, very open minded, I‚Äôm a fan of acid and I‚Äôd been telling her about the benefits and how it‚Äôs had beifited me. So she asked if I‚Äôd give her a low dose, at the time I had 3 sheets so I didn‚Äôt mind, so I cut one of the weaker ones in half and gave her all the safety precautions and suggestions and let her have fun, she laid in her room for 5 hours and played on her phone and cuddled with the cat, she said she felt more calm than she had in years and that it was a good experience but would not be interested for a while because it lasted way too long and she couldn‚Äôt sleep(100% agree that‚Äôs the main downside to acid). I remember going to check on her and she said I looked like a cartoon character lol. She texted me many many acid thoughts and listened to Pink Floyd and the beetles the whole time. She‚Äôs interested in mushrooms but is terrified of salvia and DMT because she had a wacky ass trip on Salv in her 20s. She a cool mom"
fibpg81,CBD,pain,My ex-wife had endometriosis was prescribed tylenol + codeine. Wasnt enough for the pain and ended up leading into hard drugs just to deal with her pain. They have methods of treating endometriosis now in the usa but I am sure they are entirely surgical. Opioid painkillers are a rabbit hole you dont want to go down especially for a pain that is going to be there at certain times whether you take them or not. Of course you could use hard drugs to bury the pain but then you will have far more problems than you are already dealing with. I found Kratom to be not very effective for serious pain. Tylenol is ok but it's like anything if you keep using it you get used to the effect. So if your doc cant refer you to a specialist to see if they have other options for you then it might be time for a new doctor.
fiuuya5,Marijuana,worry,">Today I've seen 80%+ THC on buds I'm buying.

You might be seeing those numbers on live resin concentrates, but typically 30ish percent is the ceiling on flower. I understand your enthusiasm but if your source is selling you 80% THC flower, you might want to think about what else he might be fibbing about.

Personally I don't worry too much about THC levels, I find that lower THC weed that is fresher and has the smell my body wants gets me higher than ""high test"" weed that is old and has no smell.  The nose knows."
fok9up2,leaves,pain,"I'm so very sorry for your loss. Your dog looked like a very sweet, good girl and I'm sure everyone on the planet knows how horrifying and painful it is to lose a pet. Loss is the perfect excuse we give ourselves to relapse to our old destructive habits. Death unfortunately is a sobering, crushing part of life that we all have to deal with and doing it drunk and high is not dealing with it. It's just burying the pain and guilt deep down until your sober again. For you to care this much about your dog, shows that you most likely did as much and showed as much love as you possibly could to this animal and I'm sure she knew that. All u can do now is remember that you made her happy and go on to make others happy."
fqnxoef,trees,paranoia,"Not a win, but a **huuuuuge** improvement.  I can get baked legally.  As a middle aged fart I spent many years dealing with black market, shit weed, zero strains to choose from.  Cops who wanted to charge you like a drug lord when they find a baby roach.  All of that sitting on your shoulders as you get baked, just begging to ramp up the paranoia, at least enough to chill out what was a wonderful buzz.  

Don't stop the fight!  It must be legal!  But sometimes sit back as you're enjoying a legal MMJ high and realize, this is a very, very good start."
fwdyls5,microgrowery,worry,Yes. It was my first harvest and I guess it‚Äôs a ‚Äúthing‚Äù but once you trim put them into jars and burp every day twice a day for a week then once a day the following week. By the third week your buds will start to get their smell back and it will smell dank. I was worried too because my stuff smelled like hay/grass but now it smells amazing. I open up the jars and it instantly stinks up the room. Keep repeating the process over time it will get better. Good luck!
fwkf565,cannabiscultivation,"sleep,slept","God dang y‚Äôall! Im so jealous. In Cali I had it made since I got my MMJ card in 2014. Now (no pity party insinuation) I‚Äôve had to move to a state to handle my father suddenly passing away, along with some VERY questionable circumstances of which I may not speak about until, things settle... anyway: I‚Äôm literally stuck in a state w/out access to either types of legit MMJ or rec and the only available (from street) is the worst crap I‚Äôve ever seen/experienced in my life. What‚Äôs worst is that they consider it ‚Äúthat chronic‚Äù and outstanding. Literally, have no idea what they have. I bought ‚Äù9 lb hammer‚Äù but it hit more like a plastic spoon. 

I had a friend sending cartridges but he was deployed again. (We we‚Äôre stationed in Thousand Palms together for several years). Now, he‚Äôs stuck overseas for a minimum of 6 months. So...Long story short: my plants are likely dead (at my home in so cal...and I certainly can‚Äôt leave during this time as we have several civil cases pending my father‚Äôs estate and wrongful death suit. 

Anyway: folks...please: what are my options? FYI I‚Äôm in Mississippi. (I also use VPN/onion browsers/every precaution necessary). No access to anything whatsoever and I literally haven‚Äôt slept a full night since I have been without my granddaddy purple/SFV OG Kush, oh Lord, I‚Äôm relaxing just thinking about them. Most likely, it‚Äôs partially due to tragic death of my father, however, even when I do sleep it‚Äôs sporadic. So: I genuinely need to find a way to get access to seeds, clones, anything...Anyone reading will know as to which types of items I‚Äôm referring. mJ Crimea have been decriminalized here so it‚Äôs not a big deal...however, I‚Äôm not one to flagrantly display a blatant disregard for laws. So: I‚Äôm desperate and open to suggestions! Anyone who regularly partakes knows the effects of abruptly stopping...I‚Äôm Truly needing serious advice, no bs. Unless it‚Äôs truly funny lol! Oh yeah-I‚Äôm in no way associated with nor have I ever been nor will I ever be associated with or any part of any govt agency or even anything related to that type of activity. That‚Äôs my roundabout way of saying what I‚Äôm not without using keywords. PM if you have doubts lol! Just a broke ass grad student whose father passed away unexpectedly...ok maybe that‚Äôs a little too whiny but still: getting the point across. It‚Äôs quite obvious I haven‚Äôt spoken to anyone about this bc I‚Äôve rambled and created an embarrassingly long post! Any help is appreciated! 
-A fellow friend devils lettuce lover,
C"
fwl4qyd,leaves,anxiety,"Really well done for doing it! Weed dependancy is no joke and we are strongüí™üèª I felt the same in terms of the anxiety/depression, feeling like weed levelled me out and made me feel human but when your high it‚Äôs hard to see.  I‚Äôm 9 days in and I feel like a new man, a better version of myself.
Good luck, stay strong and again well doneüôåüèª"
fx4kxxa,weed,slept,"Dude I deel that on another level, my first dab was at a family campout, my cousin happened to have a rig and dab with him and dude.... I slept for like 5 hours I stg"
fzyq2ar,cannabiscultivation,stress,">These were 1gal going in and low water levels at this garden. We have a new well in the works. Girls are stressed here. Definitely not ideal.

If you're concerned about water, smart pots are a bad choice. Might want to investigate a different material to build your beds/holes out of that conserves water better"
g3fe3qs,Dabs,nervous,"before i sat down, I told the barber that I had a bit of a cough that was  from smoking, then I broke out in a bit of a sweat due to  coming in from 115 degree heat and a long walk.  She wouldn't even take a tip she got  so nervous.   I'm so happy I'm retired and don't have to deal with all this stuff."
g56qo5c,cannabis,"pain,stress,suffering","Currently serving myself and I'm looking to get out after my contract ends. I have plans to pursue a cannabis focused career and, since serving, I've developed a desire to help change the military minds that are against marijuana use, especially for Veterans.

While I don't believe it will end all suffering, nor do I believe it to be free of issues, I do belive that an alternative to Alcohol and Tabbaco will give service members an opportunity to balance stress relieving substances and give them a secondary choice for pain relief, the other being opioids."
gew47z8,delta8,pain,"Wow I‚Äôm so sorry about your diagnosis :( I was wracked with doubt as well- especially being a chronic illness patient you know when something seems too good to be true, it usually is. But I have had such a positive experience both in pain relief and nausea relief! It‚Äôs like finally, something that helped me get through this physically and mentally!  I hope you find similar relief, keep me updated on your journey :) I‚Äôm always happy to share info, it was well worth it if helped even one person!!! There aren‚Äôt many people in these situations so visibility is always my main goal! Wishing you nothing but the best and I hope you can benefit from adding this beautiful little cannabinoid to your regimen :)"
ggk6bi4,hempflowers,anxiety,"Yes there's thca, Delta 9, Delta 8, Delta 10 all are THC. Delta 8 if properly sourced is derived directly from hemp and therefore legal federally because it contains less than 0.03% Delta 9 THC. When purchasing CBD or Delta 8 you should always have access to a certificate of analysis identifying what is in the product and at what percentages. Delta 8 is more of a physical high and less of a mental high but also comes with very little to no anxiety which is often produced with Delta 9 thc. Delta aid is quickly becoming people's favorite form of THC it's a great way to get off of using so much Delta 9 or even kratom, but a head shop won't tell you that because they make so much money off of kratom. For me personally I like CBD and don't care for Delta 8. So Delta 8 THC is an isomer derived from hemp.on our packages we don't even identify it as a THC but a Delta 8 hemp derivative as suggested by an attorney."
gq3asts,trees,"afraid,anxiety,anxious,overwhelmed,panic","Tbh I can get that, it's not as ridiculous as it sounds. But I have an anxiety disorder so it's probably mostly that.

It's just that coke mainly makes you feel awake, motivated and confident and ketamine, while very intense, is an anxiolytic and sedating so usually you won't really get freaked out when it's too much for you.

Weed on the other hand is much closer to psychedelics than people imagine, it's just way easier to take too much, get anxious and overwhelmed and since it amplifies your feelings just like a psychedelic you can easily end up in a cycle where your fears get worse and worse and you're having a panic attack or getting really paranoid.     
But tbh I wouldn't say I'm ""afraid"" of it, I'm just more careful to only consume as much as I can handle now.      
I guess you could call that being a bit afraid ¬Ø\\\_(„ÉÑ)\_/¬Ø

But weirdly weed helped my anxiety lot when I was younger and now it's often the opposite. Probably because my anxiety disorder got a lot worse."
gsnmumn,leaves,anxiety,"Wow thanks for sharing your story.  Day 4 is always tough emotionally, but it sounds like you especially have been thru a lot lately. I'm pretty sure everyone cries around day 4/5. So glad you are OK and taking care of yourself.  The real,  raw you will take some time,  but know that the struggles are worth the end result of having a clear mind and dealing with your problems head on and being a more present parent.  My anxiety has dropped considerably since I stopped and I too would smoke before literally anything I had planned for the day aside from work. Stay strong and welcome to /leaves ‚úåüíö"
gvt6kge,Dabs,sleep,I‚Äôve been on a military base visiting family and haven‚Äôt been able to smoke at all. 5hours from now I‚Äôm ripping the fattest dab after sleeping in this god damn airport
gxijxeu,cannabiscultivation,"anxiety,paranoia",It's a pure anxiety/paranoia sativa high for those with no tolerance. Not the highest THC in the world but it'll getcha
gxktuvz,MMJ,"anxiety,pain","I agree. I smoke purely CBD during the day and it works great for me for anxiety, depression and a bit of pain relief. It just generally puts me in a good mood without having that high feeling so I can still function, drive, have a conversation, etc.

At night I smoke a bit of Indica but not too much because I find the higher feeling I get them more *anxiety inducing* it is.

I may start trying a 1:1 ratio in the early evenings so I can start winding down earlier.

If you've never used any thc product before it's going to take some trial and error. I suggest some research on Leafly, then swing by a dispo that has what you're looking for and buy a few small amounts until you figure out what works for you. There will be times you smoke too much, or a strain doesn't work for you and your anxiety goes up... Just remember it's ok and make note of how much you smoked that time... Then cut it back the next time until you get dialed in. Everyone is different."
h1s5v01,microgrowery,sleep,Is that sleep apnea tubing?
h36hoh7,leaves,sleep,"
>The reality is my life is eons better, when I do not smoke. I know this, I can acknowledge it, and yet I am still susceptible to weed usage. That is text-book addiction right there.

I've hated having to accept this. For so long I would try to get by while smoking everyday after work. 

Going to work the next morning in a haze and trying to ineffectively understand technical jargon my engineers were explaining to me made me finally put the bong down. Well, that and the solid two weeks of binging on takeout because I was too lazy to cook lunches and dinners. 

It's been about a week since then and I'm feeling much better. The first couple days were absolutely fucking terrible though because I was experiencing cravings, poor sleep, and the ""what now"" feelings. 

I don't think I'll ever be able to truly give it up but I have picked up that I spiral out of control once I have my own supply of bud I can always rely upon. When I'm with a friend for a sesh I feel like it's a one-time thing. Idk, I'm still trying to work this thing out with myself."
h485lu4,MMJ,"anxiety,anxious,fear","Forgive me if any of this is confusing, or abrasive, I‚Äôm terrible with words but I‚Äôll gladly further clarify.      

Different family lines of cannabis produce entirely different compounds, and some can help while others will exacerbate your symptoms. There are over 100 different cannabinoids and dozens of chemicals produced by cannabis that affect its effect.       

If you decide to smoke long-term, it is ***inevitable*** that you‚Äôll eventually run into cannabis that makes you more anxious, or paranoid, or what have you.       

Anxiety evolved as a way for us to recognize real world threats that we don‚Äôt believe we are capable of surpassing. Some of us just have an oversized reaction, but the basis of that fear might be more valid than we care to admit. The best way to deal with it is bettering ourselves in the things that pertain to our anxiety. If your ptsd is violence related, consider martial arts and a personal trainer."
h6f95zv,cbg,"anxiety,freaking out,pain,sleep",I have bad issues with freaking out from smoking thc. I‚Äôve learned that if you take CBD with the thc it makes it work differently and helps calm you down I smoke a strain called harlequin that has like 6 percent thc and the high is very enjoyable. I just smoked CBG for the first time a few minutes ago and I‚Äôm starting to feel sleepy . But I also took pain meds for my tonsillectomy so that might be the reason. I feel fine no anxiety. I say go for it!
h9xkcst,treedibles,pain,"I have chronic pain due to fibromyalgia, autoimmune disease and also have allergies, and need the easiest way possible to make edibles. Making my own edibles wipes me out so if I can make them with less effort I won‚Äôt be stuck in bed for a week after. I can‚Äôt afford to buy oil from the dispensary because it‚Äôs so expensive. I could really use this and it would make my life so much easier."
hb397j7,delta8,"anxiety,stress","I definitely smoke from sun up to sun down most days. Especially work days. Helps with my extreme stress levels and usually my anxiety.

&#x200B;

Side note (and I hope this allowed but if not, someone let me know and I'll delete) if you're in the US, look into dental tourism. My teeth were fucked until April of this year and I went to Mexico and got everything I needed done for $900 and honestly, the quality is better than the work I've had at home. I went to a border town called Nuevo Progreso and a dentist called Progreso Smile Dental Center, which I highly recommend. Depending on where you're located, it might be a lot easier for you to do that. I went there from WV and the whole trip was less than one root canal here in my city."
hbubloo,Petioles,nervous,"Hobbies hobbies hobbies.  If I‚Äôm not smoking I‚Äôm building gunpla I‚Äôm hiking, fishing, skateboarding, Airsoft/paintballing.  Now trying to not smoke before these activities is key because smoking makes me nervous that I will mess something up.  Minus fishing cause anyone can smoke doing that.  As for restlessness and agitation I cannot help you there because I use cannabis for that exact reason and a few others."
hdlcwhm,microgrowery,pain,"Awesome!

I got a lot out of a video from Kyle Kushman, doing HST and pruning, in case no one‚Äôs recommended it yet. He has a nice way about him. 

Haha larf is a pain come trim time but hey, it works! Honestly, even when a grow doesn‚Äôt go well, I‚Äôm blown away that I managed to produce anything so I‚Äôm sure your friend is ecstatic as well!"
hl1d3mh,Dabs,scared,Doing drugs is dangerous. There are inherent risks. That‚Äôs the nature of the beast. Your friends shouldn‚Äôt drug you because that‚Äôs horrible but in this hypothetical aren‚Äôt you asking someone to drug you? So there would be risks like let‚Äôs say getting a heavier dose than you‚Äôd like or expect. Everyone gets a laugh out of someone else‚Äôs slight misfortune because it‚Äôs just funny. It‚Äôs so disappointing seeing everyone try to make everything so PC and pathetic. If you want to never get too high or never have someone screw you over on your drugs then don‚Äôt do drugs!! It‚Äôs your choice and if you‚Äôre scared of dabs just stay home and don‚Äôt do drugs it‚Äôs really that fucking easy.
hnmy67h,cannabis,"nap,sleep","Smoke all day every day. I sleep 8 hours with four hours of short indica naps during the day.

IMO, not enough indica affects our sleep.

Sativa and sleep rarely mix well."
ht48nnk,CBD,anxiety,"Yes, I‚Äôm sober 9 years. I deal with depression and anxiety and continue to seek the best cocktail to combat it. I simply don‚Äôt want to be taking something that would alter my mind(getting high), body and soul"
hzunzb0,eldertrees,"anxiety,paranoia",‚ÄúThe weirds‚Äù is a great way to describe it. I also have pretty bad anxiety normally but I‚Äôve felt like I don‚Äôt feel entirely comfortable where I‚Äôm living because I‚Äôm generally alone which adds to the paranoia. It will get better and then worse again. I appreciate this answer because it kind of confirms what I thought already! Thank you!
i1sqsji,MMJ,migraine,"Try Mag Landrace (Persian), Mazar Kush for migraines, and G13."
i7gro9o,leaves,pain,"Welcome to the family. I recommend you get involved in a local 12 step program, make some friends, work the steps, and never look back. Sorry you‚Äôre in pain, but all can be fixed. Much love."
ij9pv04,Petioles,anxiety,"I also have ADD and anxiety. Bud has had a huge beneficial impact on my anxiety, as well as helping me focus.
Have you considered trying any if the non-stimulant ADD meds?"
iua7o7z,hempflowers,hurt,i have a friend who‚Äôs young kid has ocd and they gave him cbd for a period of time and they think it might have helped or at least not hurt. just a small 2nd hand anecdote that it is something parents try and appears generally in the realm of safe and normal
iutm25j,weed,dream,"You are absolutely not in danger brother, very very safe. You‚Äôre just having a high that I could only dream of"
j6c0ig5,Waxpen,"shortness of breath,sleep","It goes from coughing fits to phlegm in your throat to wheezing at night when you're trying to sleep, to having shortness of breath!! I try to stay away from dabbing bho extracted concentrates, I can vape it in a cart sparingly but if I get shortness of breath, I go to my local CVS or Walgreens. Pick up a Primatine Mist Inhaler for $30, 1 or 2 puffs and my lungs open up! It has something to do with how hot you dab and what you're dabbing. Usually when I dab rosin, live rosin etc I don't feel like my lungs were coated with concentrate, I breathe normally soon after taking the delicious hit."
j87blmr,Petioles,"dream,melatonin,sleep",I get crazier dreams on melatonin than just sleeping. It all kicks off after a week of sobriety for me
j8f727x,leaves,sleep,"nod... 3 day's clean after a 10 day taper where I smoked once a day..  


Withdrawals are still real, but more manageable than times in the past when I just went cold turkey.  For instance I haven't had cold sweats yet and my appetite, while reduced, isn't to the point of not eating like times past.

Sleep is garbage, but I know in time it will improve."
j9d7p7h,Waxpen,dream,begging you to try a yokan. absolute tanks that work really well. i‚Äôve had a magneto for 2-3 years and it still works like a dream
jaog22c,Marijuana,"anxiety,pain",I think about that as well. I have crippling anxiety and it‚Äôs does have effect on my pain.
jcvofrc,CultoftheFranklin,fear,keep spreading the baseless fear mongerering ..leaves more for us
jhxnop6,trees,worry,"Under an eighth and a scale they generally don‚Äôt care, if you‚Äôre worried about it leave your scale at home and weigh it when you get back"
jlqskkd,Marijuana,worry,"Well don't worry cuz he's not in favor of legalization, which the article correctly points out.  It's good information to know, regardless of what some of his other positions are."
jpw5que,leaves,"hurt,sleep","I quit for 6 months last year.
Had a BBQ, ‚Äúcouple of tokes won‚Äôt hurt‚Äù, I said..

Started off another (way worse, smoking 7am, then after work til I sleep) for a whole 6 months before I decided to quit again.

I‚Äôm 4 days in now. Fuck me.


All this is to say - be careful. Some of us go a really long time and still relapse. Stay strong."
jrxzzzu,weed,sleep,"The way I see it. I get high from both , but one makes me think a lot wich is a problem when trying to sleep and the other helps me sleep."
jx2j7bn,CultoftheFranklin,pain,"VG is good. I‚Äôm working through a zip they had for $75. People here talked smack, but it‚Äôs whatever. I‚Äôm appreciative, and it does what I need for my pain."
jyqsdeu,CBD,"anxiety,sleep","I'm 100% sure it wasnt placebo. I felt really different and my anxiety has gonne. Ive tryed tones of sleeping medicines I have never felt that way! But didnt last, unfortunatelly"
k2ijnd5,eldertrees,sleep,Sleep 10-11h after smoking hash dailyüôà
kgdb4rn,leaves,stress,"Similar for me as well.  Started smoking recreationally in like 2018.  Then once the pandemic hit, I started as a way to combat stress. It‚Äôs gotten progressively worse.  I‚Äôd smoke two days in a row, then take two off.  Then two days became 4, then a week.  Weeks eventually turned into whole months.  There were periods where I‚Äôd quit.  Longest was from May to Nov 2022.  But I‚Äôd always start again bc I‚Äôd tell myself ‚ÄúJust once to mellow out‚Äù.    

But I‚Äôm done for good now.  Upon some deep self reflection, I realized that the day after smoking I was very withdrawn.  I wanted to be left alone.  I wasn‚Äôt  very fun/imaginative. Essentially I quit for my children.  I wondered how many moments I have no memory of bc I was high, or how many times they asked me to play and  said ‚Äúmaybe later‚Äù.  I realized there is a finite number of times they will WANT to play with me.  I don‚Äôt want to waste/take that for granted.  I want to be more emotionally available, and vibrant, and fun.  So, I am now finishing up Day 2 with no weed."
ksud5kq,cannabiscultivation,"dream,nervous,paranoia","Todays taste differnt, cakey, candy flavour etc, but the highs back them were electric, you could feel it in  your body, literally cursing through your viens, total energy hit. Paranoia was more common then though as the highs were HIGH, dreamy, almost mystical, trippy and had you nervous sometimes, you had to respect that bud. Weed now is great, looks fantastic, smells awesome but the high is too samey, to much cross breeding IMO. I crave 80s weed, maybe even 70s pure Sativa and Indica, lets get back to growing Landraces and getting that natural high back. Remember when weed didnt have silly names and it was named after the village or area it was from. More of that please. Pheno hunt landraces but dont cross em. Sure it could be nostalgia and rose tinted glasses on my part but I dont think it is.
I can dream."
l26e5x4,entwives,fear,"I have a very similar story to yours, I‚Äôm glad we were able to overcome the stigma (and in my case fear!) of trying cannabis. It helps me tremendously and I‚Äôm glad you were able to find something that helps you as well!"
l3l267i,microgrowery,hurt,Spiders aren‚Äôt going to hurt you plants.
l3zj50j,CBD,"anxiety,pain,stress","Get some CBD flower. Mix 1:1 with your regular.  I still get the  feeling of sativa's energy without anxiety and psychosis. Indica + CBD for that super chill, pain relief and stress."
l423cvw,weed,fear,"Its when manufacturers start adding fillers and additives in order to boost sales which will end up harming people and creating a new era of fear from marijuana. Why cant we just stick to natural, good smoke?"
l463omg,trees,anxiety,"Cannabis does have specific health benefits for me, it‚Äôs the anxiety I‚Äôm looking to reduce. 

I would rather replace damaging pharmaceutical drugs with a large amount of potential side effects with herbal cannabis for my ailments."
l6fntaw,Marijuana,anxiety,Some people spray a watered down formaldehyde solution on weed to make it seem much better than it is.  This can cause an array of negative symptoms especially if smoked on a regular basisüëéüíØ‚ù§Ô∏èü§îjust one thing I can think of but it could be a lot of other things I am not aware of as well.  If it‚Äôs anxiety take 10 days off symptoms should be long gone by then
l6wfie1,trees,"anxiety,worry",5. I live with constant anxiety worried I'm upsetting everyone. 5. Please. And thank you.
l7cudwq,Petioles,sleep,"I just quit a month and half ago and it took 3 weeks or so to get my sleep back to some semblance of normal. Still not as good as when I smoked /vaped but definitely better! You will get there too! The sleep hygiene routine helps as well but in my experience, you have to get over the 2-3 week hump first before anything really helps. I'd say CBTi is a good thing to try if you're still not sleeping in a couple of weeks. 

I also do yoga nidra in the afternoons as a form of mental maintanance but when I was not sleeping it was so helpful when I was trying to fall asleep or in the middle of the night when I couldn't get back to sleep. I read that you already exercise which is great. Keep us posted!"
l8304y9,CBD,anxiety,I only take 50mg and it‚Äôs helping anxiety so I‚Äôm going to keep using until I see negative effects
l8o6ga9,trees,dream,"Total recall (1990) cyborg(1989) bloodsport(1988)
Basketball diaries (1995) requiem for a dream (2000)"
lbaf18p,leaves,"nap,sleep,waking up tired","""Let me have a quick nap"" - I end up sleeping for 12 hours and then waking up tired"
lbhtwmv,leaves,stress,"I ride bmx & ebikes daily for stress, depression & to just get healthier, & it was 1 of the best decisions I've ever made in my life!

I started doing group rides here in Reno as well, & what's cool is most people in the bike life community all smoke as well, so it's just all good vibes, we all meet up, ride first to a corner store, get snacks, beer, wraps, whatever else, & then all ride to some different park every week, & all just hang out. 

I've met some great friends as well from doing this, & some of them are even like family to my son & I now! üëç"
lbllvv4,trees,pain,I plan on figuring out some kind of auto-watering system for this winter. That's definitely an issue I haven't dealt with yet. So far it hasn't been an issue because I rarely go anywhere overnight in the winter. I don't grow in peak summer because it's a pain to keep the humidity and temps down.
ldajkni,weed,worry,"
*Thanks for posting, u/Friendly2024.*

- Make sure you follow **[r/weed rules.](https://www.reddit.com/r/weed/wiki/rules)**

- Do not engage with ""vendors"" in your DMs and report those accounts in your chat and messages and also [here](https://www.reddit.com/report)

- Attempting to source drugs is against **SITE-WIDE** terms of services. an immediate, permanent ban will be imposed. 

- Don't resort to insulting other users, stirring up drama, or worrying about what's on someone's profile. Just report any posts/comments that you see breaks the rules.

- **[Info about scammers](https://www.reddit.com/r/weed/wiki/information/scammers)** 

- [Join our Discord](https://discord.gg/rweed)


*I am a bot, and this action was performed automatically. Please [contact the moderators of this subreddit](/message/compose/?to=/r/weed) if you have any questions or concerns.*"
ldg23pp,saplings,"inflammation,pain","Don‚Äôt smoke bro, the decreased blood pressure causes the veins to expand which could pop the stitches out. Nah but honestly you‚Äôll be completely fine. Weed helps with inflammation and pain so it should help if anything"
ldy0ir0,microgrowery,headache,That's the only reason I have not switched to organic nutrients. Been hearing it's a headache
li9mqd2,leaves,pain,"You need to get yourself out there. Sounds like you put in the work to quit but not to improve yourself after. You started smoking for a reason that made you unhappy, or a myriad of reasons. Work on those! Feel your emotions. Remember what anger, annoyance, true joy does to you. And then embrace the pain, get yourself into interesting hobbies, take walks every damn day, and build up your emotional endurance so you don‚Äôt come crying to weed every time something slightly bad happens to you. Your emotional intelligence is at an all time low. You can change that by being better to yourself."
lihgyi8,weed,worry,"
*Thanks for posting, u/-DI0-.*

- Make sure you follow **[r/weed rules.](https://www.reddit.com/r/weed/wiki/rules)**

- Do not engage with ""vendors"" in your DMs and report those accounts in your chat and messages and also [here](https://www.reddit.com/report)

- Attempting to source drugs is against **SITE-WIDE** terms of services. an immediate, permanent ban will be imposed. 

- Don't resort to insulting other users, stirring up drama, or worrying about what's on someone's profile. Just report any posts/comments that you see breaks the rules.

- **[Info about scammers](https://www.reddit.com/r/weed/wiki/information/scammers)** 

- [Join our Discord](https://discord.gg/rweed)


*I am a bot, and this action was performed automatically. Please [contact the moderators of this subreddit](/message/compose/?to=/r/weed) if you have any questions or concerns.*"
liiuvgq,leaves,"panic,sleep","Same here, I‚Äôm a week clean and I was having nocturnal panic attacks, sobbing uncontrollably, hand tremors, appetite and sleep problems. 

It‚Äôs getting better, if I start to feel anything I immediately do 25 push ups, 25 sit ups, 50 jumping jacks and drink a glass of water and a hot cup of coffee. 

We can do this, on the upside I haven‚Äôt been coughing and spitting even 1/10th as much :D"
liwtnxc,leaves,paranoia,"Done a lot of drugs to manage my horrific childhood. 20 years ago quit and settled on the Mary Jane . Good lord the addiction! All the time ..never saw a reason to quit until I tried haha I really didn‚Äôt have a clue. What a powerful herb ! I have been loosing my power slowly or didn‚Äôt know I lost it . It always seemed like other people in my life noticed before me . The loosing it lost it part . 
In my opinion it‚Äôs a slow process to stop . This time I want it . 
I would get high af and go for walks and measure my feelings . My thoughts after the uneasy paranoia or numbness. I wrote it down . 
Writing about what I was gaining or missing in this space. 
So much time . Money . Brain power . 
Interesting that i brought myself into trying for one day to walk without to think without to do everything without it . Just one day . I wanted another day . 
I haven‚Äôt smoked since August 1
I‚Äôm loving it ."
ljdd572,CBD,anxiety,No cbd oil is supposed to calm anxiety. I take crystalweed CBD oil and it works
ljvt1jd,trees,worry,"Soak up with paper towl, and squeeze it through a filter. Boil afterwards if you're worried about germs"
ljvxvgm,leaves,"pain,scared","Unless you have reason to think you have lung damage (bad cough, chest pain‚Äîin which case, doctor asap), you‚Äôre probably fine. The damage smoking does is largely cumulative and mostly repairable. While you smoke you put yourself at higher risk of certain issues, but you‚Äôre young and your body still has amazing ability to heal! You sound scared, and that‚Äôs not a place to make any decisions from. Take a deep breath, you‚Äôre not in immediate danger. It‚Äôs all about long term odds and deciding to start skewing them in your favor BEFORE you have any issues is the best thing you could do for yourself."
lk14gq9,trees,insomnia,Had insomnia as a teenager. Buddy said it would help and it did
lk1v8a6,trees,"anxiety,stress","I have bouts of bad anxiety that send my mind racing for days on end. I'd get something stuck in my head, like a problem or plans for something coming up, and wouldn't be able to get my mind off of it. I'd go crazy going over things again and again and again, to the point where I'd wake up in the middle of the night with my brain screaming about it. That would up my stress levels, and keep me in a dark loop.

I tried anti-anxiety meds and they helped helped deal with the emotional end, but only helped a bit with my stress and were never able to calm my mind. I'd feel like a zombie. I tried therapy and got some coping mechanisms, and they helped for day to day anxiety, but none of them helped when I had a bad attack.

A friend of one of my brothers would stop by once and a while, and he'd usually bring a couple joints or a pen/vape, and THAT did wonders! This year was on track to be one of the worst I've had with my anxiety, and I finally got my medical card. This is the first year in what feels like forever that I haven't had a full breakdown from my anxiety, and I feel happy, and not like a robot."
lkb0kx2,weed,worry,"
*Thanks for posting, u/No-Dot-3603.*

- Make sure you follow **[r/weed rules.](https://www.reddit.com/r/weed/wiki/rules)**

- Do not engage with ""vendors"" in your DMs and report those accounts in your chat and messages and also [here](https://www.reddit.com/report)

- Attempting to source drugs is against **SITE-WIDE** terms of services. an immediate, permanent ban will be imposed. 

- Don't resort to insulting other users, stirring up drama, or worrying about what's on someone's profile. Just report any posts/comments that you see breaks the rules.

- **[Info about scammers](https://www.reddit.com/r/weed/wiki/information/scammers)** 

- [Join our Discord](https://discord.gg/rweed)


*I am a bot, and this action was performed automatically. Please [contact the moderators of this subreddit](/message/compose/?to=/r/weed) if you have any questions or concerns.*"
lkddwi5,Marijuana,stress,The dispensary is so much nicer an experience than weirdos in the neighborhood selling the chronic or worse stress.
lmfe1sw,leaves,panic,Panic attack?
lnhp8gj,treedibles,hurt,It ain‚Äôt going to hurt anything
lok9z2q,Marijuana,afraid,">and the science backs it up.

No it does not. Much of the anti-vape science is based on assumptions from medical research done for cigarettes and vaping is simply not the same thing as smoking tobacco or marijuana. I personally think smoking out of a cart sucks but I defend the use of the technology because it's wildly successful at getting people to stop smoking tobacco. It puts me in a situation where I suggest that they not choose a vape but it is absolutely acceptable if it's that or tobacco. 

My only problem here is that science does not back up any direct correlations between vaping and long term medical issues. There are lots of things you can go get and post for me but nothing about anti-vaping medical research is anything but a supposition or partially linked in a co-morbidity so don't bring my anything that doesn't say this negative health result is the direct effect of vaping. Anything other than that is just a guess and that is causing people who would otherwise use vaping to stop smoking to be afraid that vaping is even more dangerous to you than smoking tobacco. Anti-vapers need to tone it down."
lpydmkp,weed,worry,"
*Thanks for posting, u/icewaterdimension.*

- Make sure you follow **[r/weed rules.](https://www.reddit.com/r/weed/wiki/rules)**

- Do not engage with ""vendors"" in your DMs and report those accounts in your chat and messages and also [here](https://www.reddit.com/report)

- Attempting to source drugs is against **SITE-WIDE** terms of services. an immediate, permanent ban will be imposed. 

- Don't resort to insulting other users, stirring up drama, or worrying about what's on someone's profile. Just report any posts/comments that you see breaks the rules.

- **[Info about scammers](https://www.reddit.com/r/weed/wiki/information/scammers)** 

- [Join our Discord](https://discord.gg/rweed)


*I am a bot, and this action was performed automatically. Please [contact the moderators of this subreddit](/message/compose/?to=/r/weed) if you have any questions or concerns.*"
lrkpyj0,delta8,sleep,If it's also high in CBN you'll just get more sleepy as CBN will make you more tired than any other cannabinoid.
lt26glm,CultoftheFranklin,worry,Yep what they're telling u is true it's all based on the 2018 farm bill hole -loop üòÖ Thc-a is cannabis sativa L it is weed literally no difference. Pick a good vendor and begin your journey of having the mailman hand u qps legally. It's for real lol. Treat it exactly as weed because it is. Just keep it at home and you have nothing to worry about. ü´°
ltamacg,Petioles,sleep,"I‚Äôll start by saying you should be commended for having the awareness and desire for self reflection at your age; I know I didn‚Äôt in my early 20s. I‚Äôm 42 now, have been smoking daily for about 25 years, and my usage ramped up significantly in 2015 after moving to a recreationally legal state. Other than that, what you‚Äôre describing regarding your conflicting feelings sounds very similar to my experience. 

I‚Äôm currently on day 23 of a tolerance break, which is my longest cessation since 2018, and that was solely the result of a 3 week trip abroad when I didn‚Äôt have access to it. My present intention is to clear my system out completely, which I expect around day 40 or so. I tested positive yesterday, so still working it out. 

I‚Äôm partially doing this as an experiment to determine if I have whatever enzyme condition that makes one immune to edibles as they‚Äôve never worked for me, but my tolerance has been so high for years now that it‚Äôs possible I just wasn‚Äôt able to tell. E.g. I have friends who would get high from a 10g gummy, while I would take 100g of the same product and not feel it. It goes without saying that having that high of a tolerance is very, very expensive; I was spending $400-500/month at the dispensary. 

Either way, I do plan on smoking flower again as it‚Äôs an enjoyable, relaxing experience that I miss, and I‚Äôm well into a successful career so I tell myself I ‚Äúdeserve it‚Äù, however deluded that may sound.  

After the first week, I found that getting through the day without a bowl was easy enough, but the evenings are challenging, and on this current break I find myself having a drink or two while I typically do not drink. I‚Äôve found it helps me sleep, but I‚Äôd rather smoke than drink for health reasons. 

Also worth noting that I have a newborn, so my typical schedule has been Interrupted, and when my wife takes her to bed a few hours before me I find myself wanting to enjoy the little sliver of ‚Äúme time‚Äù. Predictably this makes me crave a bowl or two.

When I start again I plan to take a ‚Äújust weekends‚Äù approach but I know from experience that this will be a challenge as I‚Äôve tried before to smoke only in the evenings, and within a week or two have always ended up back at 2-3 times throughout the days, usually starting just after my morning coffee.

Anyway, I‚Äôd meant this to be a concise reply but I‚Äôve clearly used it as an outlet to journal my own thoughts and struggles, so I hope it‚Äôs been insightful and/or helpful for you in some way. But truly, the fact that you‚Äôre aware of the potential issue suggests you‚Äôre on the right path. ‚ÄúYou got this‚Äù feels a bit cliche in this sub, so I‚Äôll just say good luck to you. 

TL;DR - You‚Äôre definitely not alone."
lud6qg8,microgrowery,hurt,"I counted over 7 seeds.  It is what it is.  If they are done pluck em, if they need more time, go for it.  The damage is done and it can't hurt to keep them going till done, though they look pretty done from here."
luui0np,leaves,"anxiety,paranoia,stress","i am the same way. stopped for months was super healthy and happy. started working my first corporate job and smoked to cope with stress. gained 20lb back and stopped doing my active hobbies. during my commute to work i get some time to decompress and i can feel something is wrong, i know using weed is causing or exacerbating paranoia, anxiety and depression. 

yet i can‚Äôt stop smoking, even though i want to. the brain is a weird thing. 

i guess we can be grateful it isn‚Äôt a harder drug but it‚Äôs still an issue."
lv08rj4,leaves,"insomnia,sleep",Hey I‚Äôm struggling so much with quitting - I get the worst insomnia ever and I literally can‚Äôt function. Each time I quit I relapse after about 3 weeks of no sleep cause I just can‚Äôt deal with it anymore. Please can anyone give me some advice? Thank you
lvdrf5d,Petioles,anxious,Keep us updated! I‚Äôm in a similar situation. I‚Äôm trying to find ways to make it easier on myself. Gonna make a list of things to do when I wanna smoke. When I do smoke I wanna log how it makes me feel because recently when I do smoke I feel regretful and anxious. But as soon as it gets late in the night I wanna smoke no matter how I know it‚Äôs gonna make me feel. Do you have a plan for coping with not smoking? Looking for advice too lol
lw5g02a,Petioles,dream,"I take nightmare medication, so that might help me with the dreams. I'm two weeks into the break and feel fine rn but I find that I miss it more as time goes on... maybe because at the beginning it's not fully out of my system"
lxghstp,microgrowery,stress,"Super cool idea - this type of stress may legit increase 'noid content or THC marginally too, per some of the Bugbee stuff I read a while ago!"
lxhtd88,microgrowery,nightmares,"I've never had pm or these bastards üò´ until now. I just started this hobby in April. Each run, I've had nightmares from the stories I've read. Well this run, it became a reality üò≠. But I know now, to go in my lung room butt ass naked or in fresh clothes from out of the dryer because this morning I was about to throw all this grow ish away, I was crushed. I'll be praying you never üòî experience this."
lxhtd88,microgrowery,nightmares,"I've never had pm or these bastards üò´ until now. I just started this hobby in April. Each run, I've had nightmares from the stories I've read. Well this run, it became a reality üò≠. But I know now, to go in my lung room butt ass naked or in fresh clothes from out of the dryer because this morning I was about to throw all this grow ish away, I was crushed. I'll be praying you never üòî experience this."
lyj238p,microgrowery,anxiety,The anxiety.
lzlck3z,weed,worry,"Bra we're sharing joints not fucking, no need to worry about STDs"
m0l8vxw,leaves,"dream,overwhelmed","Same here, day 5 is about to be complete, I‚Äôm overwhelmed, especially cuz of the really disturbing dreams"
m23nysp,trees,stress,Any combination of 2 of those seems like a decent way to keep stress at bay.
m2pskur,cannabiscultivation,spiraling,"Gently dig her out and make sure to not disturb roots, they are going to be super fragile. Then transplant to a beer cup by putting in a couple of inches of soil. Then start burying the roots and stalk in a circular manner, spiraling up toward the top of the cup. You will need to add soil as you go. finish with the leaf just above the soil. If you do this correctly you won't kink the stem and the plant can then be placed much closer to the appropriate intensity of light. I'd throw in some root bacteria just to get the stem to start producing roots. A second pair of hands would be helpful."
m3x0236,treedibles,worry,Double boiler will make sure you only go up to the temp of boiling water. Saves a lot of worry
m5twodf,saplings,"hurt,worry",I just wouldn‚Äôt be worried unless it hurts cause that could be like seizures and shit.
mbfq0hi,leaves,sleep,"I cant overstate how much reading before bed has changed my sleep, it really did wonders for me."
mccuhuz,CBD,anxiety,"I've been using CBD for a while now, so I totally get your frustration. I tried capsules before, but they didn't really do much for me‚ÄîI felt like I was just waiting for something to happen, and it never did. When I switched to neuùìáoga.n‚Äôs full-spectrum oil, I actually noticed a difference. Taking it sublingually helped it absorb faster, and I started spreading my doses throughout the day instead of taking one big dose. This method gave me much more consistent relief for my anxiety and overall well-being. It took some trial and error, but once I found the right balance, it was a real game-changer. Everyone reacts differently, so don‚Äôt get discouraged‚Äîtrying out different forms, dosages, and timing can really make a difference. I hope you find what works best for you!"
mcvuily,saplings,"insomnia,pain,sleep",Yeah same. Started my consumption with edibles around 5 or 6 years ago or so for pain that painkillers didn't help. Learned real quick it helped me with my insomnia. It's super nice to not take a few hours to fall asleep and not wake up a couple dozen times. It's genuinely a great feeling to actually sleep.
mk7dgvv,leaves,"panic,slept","The day before Yesterday was my worst day (3), i hadnt slept thr night before and only 3 hours the night before that. I was super nauseas and later that night i ended up having a panic attack (first of my life) and had one again last night. Today im feeling way better, still doing the brats diet and being careful about nausea. It takes time"
mn92nsg,Marijuana,headache,All it did was give me a headache for a little bit. I‚Äôve got a high tolerance and it didn‚Äôt do much.
mpwtxx4,microgrowery,pain,"That seems like a pain in the ass. To answer your question, whenever the heck you want. You need \~12 hours of uninterrupted darkness to begin flower.

Alternate suggestion:

Bend the plant over, tie it down or supercrop it, or just top it and cut it in half. Make the plant more squat, more bushy. Then just leave it alone, maybe put it where it can get more light, and let it flower out naturally when its bigger and summer hours start to decrease as we approach fall."
mq0jsb4,entwives,dream,"Totally jelly of your spot! One of these days, I'll build my dream spot - a screened in gazebo in my pasture."
mran07r,weed,worry,Trial and error big dog. Unless you‚Äôre buying from someone extremely sketchy I wouldn‚Äôt worry about anything being laced. Worse thing you might get is some low grade flower sprayed with delta8 or something.
mrk3p2w,trees,worry,It's worrying to see the votes on this.
mrx3fv6,leaves,"dream,pain,sleep","I quit on the 21st of April, in my third week and the circles are still evident af. Sleep‚Äôs gotten much better i can finally dream!!! The healing part is still a pain i hit my shin somewhere more than a week ago and it still hasn‚Äôt recovered. However, I definitely look a lot better than when i was on weed. Skin‚Äôs so much more vibrant and the color has come back idk if that makes sense lol."
ms9s9lq,treedibles,nervous,"Huh. Mine is more breaking out in hives from exposure. Being submerged in cold water or ending up in a shower that's cold starts making it hard for me to breathe though. I wouldn't say my throat is closing or airway is seizing though. More of a central nervous response, it feels like."
msdq33y,weed,worry,"
*Thanks for posting, u/SpiffyBlizzard.*

- Make sure you follow **[r/weed rules.](https://www.reddit.com/r/weed/wiki/rules)**

- Do not engage with ""vendors"" in your DMs and report those accounts in your chat and messages and also [here](https://www.reddit.com/report)

- Attempting to source drugs is against **SITE-WIDE** terms of services. an immediate, permanent ban will be imposed. 

- Don't resort to insulting other users, stirring up drama, or worrying about what's on someone's profile. Just report any posts/comments that you see breaks the rules.

- **[Info about scammers](https://www.reddit.com/r/weed/wiki/information/scammers)** 

- [Join our Discord](https://discord.gg/rweed)


*I am a bot, and this action was performed automatically. Please [contact the moderators of this subreddit](/message/compose/?to=/r/weed) if you have any questions or concerns.*"
mswuoei,leaves,panic,I would take bong rips all day before work and after work until it caused me to have a panic attack. It meant to happen so i would.finally quit
mtqhyjh,cannabis,hurt,Ya Patrick and paxton like getting behind the wheel I'm sure after most likely having a liquid lunch but drinking and driving is ok I guess I hate alcohol it changes people makes some people down right mean and to obnoxious to be around and believe me I've been around a pardon my pun but I've been around a lot of drinks in my life time including some relatives alcohol is disgusting marijuana thc-a or CBD never hurt anyone but alcohol has it kills one way or the other I can't stand Patrick as far as I'm concerned he can join Trump and musk they all three can go to Africa and live with musk and swing from the trees with the rest of the Hippocrates because that's what runs this state and this country is lying Hippocrates.
mtvyl1l,CultoftheFranklin,dream,After a second run through it's okay nothing special it's mid compared to the Georgia pie and blue dream budget. I was fresh off work but now the second run yeah I should have chose a different one lol.
mu2k3q6,leaves,anxiety,I am 1 month and a few days sober. My anxiety cleared up around the 2 week mark and by the third week I was feeling alot better than i was. I feel better than I have in years. It is worth it.
mvk9xw2,weed,anxiety,"i used smoke a lot but having some strong edibles is honestly more enjoyable because it completely alleviates my anxiety, which doesnt happen at all if i would smoke or vape while my tolerance is high."
mvrsinx,trees,"hurt,pain","I have chronic pain (mostly neck and back, knees hurt too) and I want to get some topical that actually works.  There is this brand that combines other stuff with THC and it looks all Hawaiian that's been recommended to me but now I can't remember. Anyone have any recommendations on topicals that work for pain."
mvu5g8h,weed,worry,"
*Thanks for posting, u/isthisnotaname.*

- Make sure you follow **[r/weed rules.](https://www.reddit.com/r/weed/wiki/rules)**

- Do not engage with ""vendors"" in your DMs and report those accounts in your chat and messages and also [here](https://www.reddit.com/report)

- Attempting to source drugs is against **SITE-WIDE** terms of services. an immediate, permanent ban will be imposed. 

- Don't resort to insulting other users, stirring up drama, or worrying about what's on someone's profile. Just report any posts/comments that you see breaks the rules.

- **[Info about scammers](https://www.reddit.com/r/weed/wiki/information/scammers)** 

- [Join our Discord](https://discord.gg/rweed)


*I am a bot, and this action was performed automatically. Please [contact the moderators of this subreddit](/message/compose/?to=/r/weed) if you have any questions or concerns.*"
mw5xxl8,leaves,"anxiety,stress","Yep. Cant relate more, took a Sr. Leadership role and fuck me the anxiety was mind boggling. Today is day 5 no smoking. The same shit that would stress me out to the point of no return, now just has me stressed a little. 

Insane what this drug does to the brain."
mw6dwfd,weed,worry,"
*Thanks for posting, u/_Envory.*

- Make sure you follow **[r/weed rules.](https://www.reddit.com/r/weed/wiki/rules)**

- Do not engage with ""vendors"" in your DMs and report those accounts in your chat and messages and also [here](https://www.reddit.com/report)

- Attempting to source drugs is against **SITE-WIDE** terms of services. an immediate, permanent ban will be imposed. 

- Don't resort to insulting other users, stirring up drama, or worrying about what's on someone's profile. Just report any posts/comments that you see breaks the rules.

- **[Info about scammers](https://www.reddit.com/r/weed/wiki/information/scammers)** 

- [Join our Discord](https://discord.gg/rweed)


*I am a bot, and this action was performed automatically. Please [contact the moderators of this subreddit](/message/compose/?to=/r/weed) if you have any questions or concerns.*"
mw73i5r,weed,worry,"
*Thanks for posting, u/pugman3645.*

- Make sure you follow **[r/weed rules.](https://www.reddit.com/r/weed/wiki/rules)**

- Do not engage with ""vendors"" in your DMs and report those accounts in your chat and messages and also [here](https://www.reddit.com/report)

- Attempting to source drugs is against **SITE-WIDE** terms of services. an immediate, permanent ban will be imposed. 

- Don't resort to insulting other users, stirring up drama, or worrying about what's on someone's profile. Just report any posts/comments that you see breaks the rules.

- **[Info about scammers](https://www.reddit.com/r/weed/wiki/information/scammers)** 

- [Join our Discord](https://discord.gg/rweed)


*I am a bot, and this action was performed automatically. Please [contact the moderators of this subreddit](/message/compose/?to=/r/weed) if you have any questions or concerns.*"
